workload,policy,capacity,total_accesses,hits,misses,hit_rate,miss_rate,recomputation_cost,unique_requests,mode,base_seed,num_requests,shared_prefix_reuse_prob
local_isolated,fifo,128,2000,1242,758,0.621,0.379,1066,4,local,2026,4,0.05
local_isolated,fifo,128,2000,1405,595,0.7025,0.2975,891,4,local,2026,4,0.2
local_isolated,fifo,128,2000,1619,381,0.8095,0.1905,637,4,local,2026,4,0.35
local_isolated,fifo,64,4000,2237,1763,0.55925,0.44075,2483,8,local,2026,8,0.05
local_isolated,fifo,64,4000,2499,1501,0.62475,0.37525,2517,8,local,2026,8,0.2
local_isolated,fifo,64,4000,3032,968,0.758,0.242,1886,8,local,2026,8,0.35
local_isolated,fifo,32,8000,4142,3858,0.51775,0.48225,5518,16,local,2026,16,0.05
local_isolated,fifo,32,8000,4478,3522,0.55975,0.44025,6424,16,local,2026,16,0.2
local_isolated,fifo,32,8000,5315,2685,0.664375,0.335625,5939,16,local,2026,16,0.35
shared_global,fifo,512,2000,1349,651,0.6745,0.3255,745,4,shared_global,2026,4,0.05
shared_global,fifo,512,2000,1521,479,0.7605,0.2395,543,4,shared_global,2026,4,0.2
shared_global,fifo,512,2000,1715,285,0.8575,0.1425,349,4,shared_global,2026,4,0.35
shared_global,fifo,512,4000,2527,1473,0.63175,0.36825,1625,8,shared_global,2026,8,0.05
shared_global,fifo,512,4000,2963,1037,0.74075,0.25925,1165,8,shared_global,2026,8,0.2
shared_global,fifo,512,4000,3434,566,0.8585,0.1415,686,8,shared_global,2026,8,0.35
shared_global,fifo,512,8000,4842,3158,0.60525,0.39475,3454,16,shared_global,2026,16,0.05
shared_global,fifo,512,8000,5840,2160,0.73,0.27,2430,16,shared_global,2026,16,0.2
shared_global,fifo,512,8000,6872,1128,0.859,0.141,1318,16,shared_global,2026,16,0.35
local_isolated,lru,128,2000,1240,760,0.62,0.38,1060,4,local,2026,4,0.05
local_isolated,lru,128,2000,1419,581,0.7095,0.2905,845,4,local,2026,4,0.2
local_isolated,lru,128,2000,1619,381,0.8095,0.1905,637,4,local,2026,4,0.35
local_isolated,lru,64,4000,2252,1748,0.563,0.437,2464,8,local,2026,8,0.05
local_isolated,lru,64,4000,2554,1446,0.6385,0.3615,2348,8,local,2026,8,0.2
local_isolated,lru,64,4000,3170,830,0.7925,0.2075,1466,8,local,2026,8,0.35
local_isolated,lru,32,8000,4186,3814,0.52325,0.47675,5454,16,local,2026,16,0.05
local_isolated,lru,32,8000,4567,3433,0.570875,0.429125,6171,16,local,2026,16,0.2
local_isolated,lru,32,8000,5498,2502,0.68725,0.31275,5384,16,local,2026,16,0.35
shared_global,lru,512,2000,1365,635,0.6825,0.3175,701,4,shared_global,2026,4,0.05
shared_global,lru,512,2000,1521,479,0.7605,0.2395,543,4,shared_global,2026,4,0.2
shared_global,lru,512,2000,1715,285,0.8575,0.1425,349,4,shared_global,2026,4,0.35
shared_global,lru,512,4000,2567,1433,0.64175,0.35825,1529,8,shared_global,2026,8,0.05
shared_global,lru,512,4000,2996,1004,0.749,0.251,1068,8,shared_global,2026,8,0.2
shared_global,lru,512,4000,3462,538,0.8655,0.1345,602,8,shared_global,2026,8,0.35
shared_global,lru,512,8000,4939,3061,0.617375,0.382625,3231,16,shared_global,2026,16,0.05
shared_global,lru,512,8000,5953,2047,0.744125,0.255875,2111,16,shared_global,2026,16,0.2
shared_global,lru,512,8000,6935,1065,0.866875,0.133125,1129,16,shared_global,2026,16,0.35
local_isolated,fifo,128,2000,1227,773,0.6135,0.3865,1083,4,local,2027,4,0.05
local_isolated,fifo,128,2000,1391,609,0.6955,0.3045,913,4,local,2027,4,0.2
local_isolated,fifo,128,2000,1623,377,0.8115,0.1885,633,4,local,2027,4,0.35
local_isolated,fifo,64,4000,2199,1801,0.54975,0.45025,2569,8,local,2027,8,0.05
local_isolated,fifo,64,4000,2471,1529,0.61775,0.38225,2601,8,local,2027,8,0.2
local_isolated,fifo,64,4000,3045,955,0.76125,0.23875,1867,8,local,2027,8,0.35
local_isolated,fifo,32,8000,4106,3894,0.51325,0.48675,5546,16,local,2027,16,0.05
local_isolated,fifo,32,8000,4443,3557,0.555375,0.444625,6481,16,local,2027,16,0.2
local_isolated,fifo,32,8000,5338,2662,0.66725,0.33275,5910,16,local,2027,16,0.35
shared_global,fifo,512,2000,1338,662,0.669,0.331,756,4,shared_global,2027,4,0.05
shared_global,fifo,512,2000,1511,489,0.7555,0.2445,553,4,shared_global,2027,4,0.2
shared_global,fifo,512,2000,1719,281,0.8595,0.1405,345,4,shared_global,2027,4,0.35
shared_global,fifo,512,4000,2506,1494,0.6265,0.3735,1658,8,shared_global,2027,8,0.05
shared_global,fifo,512,4000,2969,1031,0.74225,0.25775,1159,8,shared_global,2027,8,0.2
shared_global,fifo,512,4000,3457,543,0.86425,0.13575,647,8,shared_global,2027,8,0.35
shared_global,fifo,512,8000,4804,3196,0.6005,0.3995,3498,16,shared_global,2027,16,0.05
shared_global,fifo,512,8000,5828,2172,0.7285,0.2715,2452,16,shared_global,2027,16,0.2
shared_global,fifo,512,8000,6899,1101,0.862375,0.137625,1291,16,shared_global,2027,16,0.35
local_isolated,lru,128,2000,1231,769,0.6155,0.3845,1067,4,local,2027,4,0.05
local_isolated,lru,128,2000,1408,592,0.704,0.296,858,4,local,2027,4,0.2
local_isolated,lru,128,2000,1623,377,0.8115,0.1885,633,4,local,2027,4,0.35
local_isolated,lru,64,4000,2210,1790,0.5525,0.4475,2540,8,local,2027,8,0.05
local_isolated,lru,64,4000,2542,1458,0.6355,0.3645,2376,8,local,2027,8,0.2
local_isolated,lru,64,4000,3196,804,0.799,0.201,1400,8,local,2027,8,0.35
local_isolated,lru,32,8000,4139,3861,0.517375,0.482625,5503,16,local,2027,16,0.05
local_isolated,lru,32,8000,4523,3477,0.565375,0.434625,6261,16,local,2027,16,0.2
local_isolated,lru,32,8000,5539,2461,0.692375,0.307625,5291,16,local,2027,16,0.35
shared_global,lru,512,2000,1351,649,0.6755,0.3245,713,4,shared_global,2027,4,0.05
shared_global,lru,512,2000,1511,489,0.7555,0.2445,553,4,shared_global,2027,4,0.2
shared_global,lru,512,2000,1719,281,0.8595,0.1405,345,4,shared_global,2027,4,0.35
shared_global,lru,512,4000,2547,1453,0.63675,0.36325,1551,8,shared_global,2027,8,0.05
shared_global,lru,512,4000,3007,993,0.75175,0.24825,1057,8,shared_global,2027,8,0.2
shared_global,lru,512,4000,3477,523,0.86925,0.13075,587,8,shared_global,2027,8,0.35
shared_global,lru,512,8000,4893,3107,0.611625,0.388375,3279,16,shared_global,2027,16,0.05
shared_global,lru,512,8000,5940,2060,0.7425,0.2575,2126,16,shared_global,2027,16,0.2
shared_global,lru,512,8000,6966,1034,0.87075,0.12925,1098,16,shared_global,2027,16,0.35
local_isolated,fifo,128,2000,1221,779,0.6105,0.3895,1095,4,local,2028,4,0.05
local_isolated,fifo,128,2000,1410,590,0.705,0.295,878,4,local,2028,4,0.2
local_isolated,fifo,128,2000,1639,361,0.8195,0.1805,617,4,local,2028,4,0.35
local_isolated,fifo,64,4000,2261,1739,0.56525,0.43475,2483,8,local,2028,8,0.05
local_isolated,fifo,64,4000,2527,1473,0.63175,0.36825,2505,8,local,2028,8,0.2
local_isolated,fifo,64,4000,3072,928,0.768,0.232,1830,8,local,2028,8,0.35
local_isolated,fifo,32,8000,4092,3908,0.5115,0.4885,5578,16,local,2028,16,0.05
local_isolated,fifo,32,8000,4450,3550,0.55625,0.44375,6494,16,local,2028,16,0.2
local_isolated,fifo,32,8000,5305,2695,0.663125,0.336875,6003,16,local,2028,16,0.35
shared_global,fifo,512,2000,1333,667,0.6665,0.3335,763,4,shared_global,2028,4,0.05
shared_global,fifo,512,2000,1522,478,0.761,0.239,542,4,shared_global,2028,4,0.2
shared_global,fifo,512,2000,1735,265,0.8675,0.1325,329,4,shared_global,2028,4,0.35
shared_global,fifo,512,4000,2560,1440,0.64,0.36,1600,8,shared_global,2028,8,0.05
shared_global,fifo,512,4000,3004,996,0.751,0.249,1124,8,shared_global,2028,8,0.2
shared_global,fifo,512,4000,3495,505,0.87375,0.12625,569,8,shared_global,2028,8,0.35
shared_global,fifo,512,8000,4782,3218,0.59775,0.40225,3522,16,shared_global,2028,16,0.05
shared_global,fifo,512,8000,5823,2177,0.727875,0.272125,2461,16,shared_global,2028,16,0.2
shared_global,fifo,512,8000,6910,1090,0.86375,0.13625,1270,16,shared_global,2028,16,0.35
local_isolated,lru,128,2000,1223,777,0.6115,0.3885,1077,4,local,2028,4,0.05
local_isolated,lru,128,2000,1421,579,0.7105,0.2895,841,4,local,2028,4,0.2
local_isolated,lru,128,2000,1639,361,0.8195,0.1805,617,4,local,2028,4,0.35
local_isolated,lru,64,4000,2265,1735,0.56625,0.43375,2473,8,local,2028,8,0.05
local_isolated,lru,64,4000,2594,1406,0.6485,0.3515,2294,8,local,2028,8,0.2
local_isolated,lru,64,4000,3220,780,0.805,0.195,1370,8,local,2028,8,0.35
local_isolated,lru,32,8000,4136,3864,0.517,0.483,5510,16,local,2028,16,0.05
local_isolated,lru,32,8000,4540,3460,0.5675,0.4325,6224,16,local,2028,16,0.2
local_isolated,lru,32,8000,5522,2478,0.69025,0.30975,5350,16,local,2028,16,0.35
shared_global,lru,512,2000,1346,654,0.673,0.327,722,4,shared_global,2028,4,0.05
shared_global,lru,512,2000,1522,478,0.761,0.239,542,4,shared_global,2028,4,0.2
shared_global,lru,512,2000,1735,265,0.8675,0.1325,329,4,shared_global,2028,4,0.35
shared_global,lru,512,4000,2599,1401,0.64975,0.35025,1495,8,shared_global,2028,8,0.05
shared_global,lru,512,4000,3035,965,0.75875,0.24125,1029,8,shared_global,2028,8,0.2
shared_global,lru,512,4000,3495,505,0.87375,0.12625,569,8,shared_global,2028,8,0.35
shared_global,lru,512,8000,4899,3101,0.612375,0.387625,3243,16,shared_global,2028,16,0.05
shared_global,lru,512,8000,5940,2060,0.7425,0.2575,2124,16,shared_global,2028,16,0.2
shared_global,lru,512,8000,6968,1032,0.871,0.129,1096,16,shared_global,2028,16,0.35
local_isolated,fifo,128,2000,1190,810,0.595,0.405,1122,4,local,2029,4,0.05
local_isolated,fifo,128,2000,1359,641,0.6795,0.3205,959,4,local,2029,4,0.2
local_isolated,fifo,128,2000,1593,407,0.7965,0.2035,663,4,local,2029,4,0.35
local_isolated,fifo,64,4000,2163,1837,0.54075,0.45925,2605,8,local,2029,8,0.05
local_isolated,fifo,64,4000,2453,1547,0.61325,0.38675,2611,8,local,2029,8,0.2
local_isolated,fifo,64,4000,3027,973,0.75675,0.24325,1885,8,local,2029,8,0.35
local_isolated,fifo,32,8000,3987,4013,0.498375,0.501625,5663,16,local,2029,16,0.05
local_isolated,fifo,32,8000,4322,3678,0.54025,0.45975,6694,16,local,2029,16,0.2
local_isolated,fifo,32,8000,5244,2756,0.6555,0.3445,6084,16,local,2029,16,0.35
shared_global,fifo,512,2000,1297,703,0.6485,0.3515,801,4,shared_global,2029,4,0.05
shared_global,fifo,512,2000,1486,514,0.743,0.257,578,4,shared_global,2029,4,0.2
shared_global,fifo,512,2000,1689,311,0.8445,0.1555,375,4,shared_global,2029,4,0.35
shared_global,fifo,512,4000,2470,1530,0.6175,0.3825,1702,8,shared_global,2029,8,0.05
shared_global,fifo,512,4000,2947,1053,0.73675,0.26325,1185,8,shared_global,2029,8,0.2
shared_global,fifo,512,4000,3425,575,0.85625,0.14375,699,8,shared_global,2029,8,0.35
shared_global,fifo,512,8000,4670,3330,0.58375,0.41625,3636,16,shared_global,2029,16,0.05
shared_global,fifo,512,8000,5732,2268,0.7165,0.2835,2574,16,shared_global,2029,16,0.2
shared_global,fifo,512,8000,6847,1153,0.855875,0.144125,1345,16,shared_global,2029,16,0.35
local_isolated,lru,128,2000,1198,802,0.599,0.401,1094,4,local,2029,4,0.05
local_isolated,lru,128,2000,1378,622,0.689,0.311,898,4,local,2029,4,0.2
local_isolated,lru,128,2000,1593,407,0.7965,0.2035,663,4,local,2029,4,0.35
local_isolated,lru,64,4000,2176,1824,0.544,0.456,2580,8,local,2029,8,0.05
local_isolated,lru,64,4000,2526,1474,0.6315,0.3685,2380,8,local,2029,8,0.2
local_isolated,lru,64,4000,3170,830,0.7925,0.2075,1438,8,local,2029,8,0.35
local_isolated,lru,32,8000,4017,3983,0.502125,0.497875,5615,16,local,2029,16,0.05
local_isolated,lru,32,8000,4421,3579,0.552625,0.447375,6407,16,local,2029,16,0.2
local_isolated,lru,32,8000,5468,2532,0.6835,0.3165,5396,16,local,2029,16,0.35
shared_global,lru,512,2000,1314,686,0.657,0.343,752,4,shared_global,2029,4,0.05
shared_global,lru,512,2000,1486,514,0.743,0.257,578,4,shared_global,2029,4,0.2
shared_global,lru,512,2000,1689,311,0.8445,0.1555,375,4,shared_global,2029,4,0.35
shared_global,lru,512,4000,2513,1487,0.62825,0.37175,1593,8,shared_global,2029,8,0.05
shared_global,lru,512,4000,2983,1017,0.74575,0.25425,1081,8,shared_global,2029,8,0.2
shared_global,lru,512,4000,3455,545,0.86375,0.13625,609,8,shared_global,2029,8,0.35
shared_global,lru,512,8000,4758,3242,0.59475,0.40525,3416,16,shared_global,2029,16,0.05
shared_global,lru,512,8000,5862,2138,0.73275,0.26725,2202,16,shared_global,2029,16,0.2
shared_global,lru,512,8000,6915,1085,0.864375,0.135625,1149,16,shared_global,2029,16,0.35
local_isolated,fifo,128,2000,1219,781,0.6095,0.3905,1081,4,local,2030,4,0.05
local_isolated,fifo,128,2000,1404,596,0.702,0.298,892,4,local,2030,4,0.2
local_isolated,fifo,128,2000,1631,369,0.8155,0.1845,625,4,local,2030,4,0.35
local_isolated,fifo,64,4000,2243,1757,0.56075,0.43925,2511,8,local,2030,8,0.05
local_isolated,fifo,64,4000,2521,1479,0.63025,0.36975,2521,8,local,2030,8,0.2
local_isolated,fifo,64,4000,3063,937,0.76575,0.23425,1841,8,local,2030,8,0.35
local_isolated,fifo,32,8000,4173,3827,0.521625,0.478375,5451,16,local,2030,16,0.05
local_isolated,fifo,32,8000,4430,3570,0.55375,0.44625,6496,16,local,2030,16,0.2
local_isolated,fifo,32,8000,5268,2732,0.6585,0.3415,6020,16,local,2030,16,0.35
shared_global,fifo,512,2000,1319,681,0.6595,0.3405,783,4,shared_global,2030,4,0.05
shared_global,fifo,512,2000,1520,480,0.76,0.24,544,4,shared_global,2030,4,0.2
shared_global,fifo,512,2000,1727,273,0.8635,0.1365,337,4,shared_global,2030,4,0.35
shared_global,fifo,512,4000,2540,1460,0.635,0.365,1630,8,shared_global,2030,8,0.05
shared_global,fifo,512,4000,3006,994,0.7515,0.2485,1122,8,shared_global,2030,8,0.2
shared_global,fifo,512,4000,3490,510,0.8725,0.1275,574,8,shared_global,2030,8,0.35
shared_global,fifo,512,8000,4850,3150,0.60625,0.39375,3452,16,shared_global,2030,16,0.05
shared_global,fifo,512,8000,5796,2204,0.7245,0.2755,2492,16,shared_global,2030,16,0.2
shared_global,fifo,512,8000,6855,1145,0.856875,0.143125,1337,16,shared_global,2030,16,0.35
local_isolated,lru,128,2000,1220,780,0.61,0.39,1064,4,local,2030,4,0.05
local_isolated,lru,128,2000,1416,584,0.708,0.292,852,4,local,2030,4,0.2
local_isolated,lru,128,2000,1631,369,0.8155,0.1845,625,4,local,2030,4,0.35
local_isolated,lru,64,4000,2259,1741,0.56475,0.43525,2479,8,local,2030,8,0.05
local_isolated,lru,64,4000,2589,1411,0.64725,0.35275,2305,8,local,2030,8,0.2
local_isolated,lru,64,4000,3217,783,0.80425,0.19575,1369,8,local,2030,8,0.35
local_isolated,lru,32,8000,4205,3795,0.525625,0.474375,5405,16,local,2030,16,0.05
local_isolated,lru,32,8000,4498,3502,0.56225,0.43775,6312,16,local,2030,16,0.2
local_isolated,lru,32,8000,5479,2521,0.684875,0.315125,5385,16,local,2030,16,0.35
shared_global,lru,512,2000,1332,668,0.666,0.334,736,4,shared_global,2030,4,0.05
shared_global,lru,512,2000,1520,480,0.76,0.24,544,4,shared_global,2030,4,0.2
shared_global,lru,512,2000,1727,273,0.8635,0.1365,337,4,shared_global,2030,4,0.35
shared_global,lru,512,4000,2579,1421,0.64475,0.35525,1529,8,shared_global,2030,8,0.05
shared_global,lru,512,4000,3043,957,0.76075,0.23925,1021,8,shared_global,2030,8,0.2
shared_global,lru,512,4000,3490,510,0.8725,0.1275,574,8,shared_global,2030,8,0.35
shared_global,lru,512,8000,4939,3061,0.617375,0.382625,3235,16,shared_global,2030,16,0.05
shared_global,lru,512,8000,5920,2080,0.74,0.26,2144,16,shared_global,2030,16,0.2
shared_global,lru,512,8000,6926,1074,0.86575,0.13425,1138,16,shared_global,2030,16,0.35
local_isolated,fifo,128,2000,1217,783,0.6085,0.3915,1091,4,local,2031,4,0.05
local_isolated,fifo,128,2000,1393,607,0.6965,0.3035,917,4,local,2031,4,0.2
local_isolated,fifo,128,2000,1628,372,0.814,0.186,628,4,local,2031,4,0.35
local_isolated,fifo,64,4000,2188,1812,0.547,0.453,2566,8,local,2031,8,0.05
local_isolated,fifo,64,4000,2507,1493,0.62675,0.37325,2561,8,local,2031,8,0.2
local_isolated,fifo,64,4000,3047,953,0.76175,0.23825,1889,8,local,2031,8,0.35
local_isolated,fifo,32,8000,4061,3939,0.507625,0.492375,5633,16,local,2031,16,0.05
local_isolated,fifo,32,8000,4442,3558,0.55525,0.44475,6582,16,local,2031,16,0.2
local_isolated,fifo,32,8000,5271,2729,0.658875,0.341125,6079,16,local,2031,16,0.35
shared_global,fifo,512,2000,1329,671,0.6645,0.3355,763,4,shared_global,2031,4,0.05
shared_global,fifo,512,2000,1517,483,0.7585,0.2415,547,4,shared_global,2031,4,0.2
shared_global,fifo,512,2000,1724,276,0.862,0.138,340,4,shared_global,2031,4,0.35
shared_global,fifo,512,4000,2495,1505,0.62375,0.37625,1663,8,shared_global,2031,8,0.05
shared_global,fifo,512,4000,3002,998,0.7505,0.2495,1126,8,shared_global,2031,8,0.2
shared_global,fifo,512,4000,3489,511,0.87225,0.12775,575,8,shared_global,2031,8,0.35
shared_global,fifo,512,8000,4785,3215,0.598125,0.401875,3511,16,shared_global,2031,16,0.05
shared_global,fifo,512,8000,5877,2123,0.734625,0.265375,2385,16,shared_global,2031,16,0.2
shared_global,fifo,512,8000,6875,1125,0.859375,0.140625,1315,16,shared_global,2031,16,0.35
local_isolated,lru,128,2000,1220,780,0.61,0.39,1070,4,local,2031,4,0.05
local_isolated,lru,128,2000,1408,592,0.704,0.296,866,4,local,2031,4,0.2
local_isolated,lru,128,2000,1628,372,0.814,0.186,628,4,local,2031,4,0.35
local_isolated,lru,64,4000,2207,1793,0.55175,0.44825,2527,8,local,2031,8,0.05
local_isolated,lru,64,4000,2601,1399,0.65025,0.34975,2277,8,local,2031,8,0.2
local_isolated,lru,64,4000,3214,786,0.8035,0.1965,1372,8,local,2031,8,0.35
local_isolated,lru,32,8000,4088,3912,0.511,0.489,5580,16,local,2031,16,0.05
local_isolated,lru,32,8000,4533,3467,0.566625,0.433375,6309,16,local,2031,16,0.2
local_isolated,lru,32,8000,5489,2511,0.686125,0.313875,5419,16,local,2031,16,0.35
shared_global,lru,512,2000,1332,668,0.666,0.334,736,4,shared_global,2031,4,0.05
shared_global,lru,512,2000,1517,483,0.7585,0.2415,547,4,shared_global,2031,4,0.2
shared_global,lru,512,2000,1724,276,0.862,0.138,340,4,shared_global,2031,4,0.35
shared_global,lru,512,4000,2538,1462,0.6345,0.3655,1558,8,shared_global,2031,8,0.05
shared_global,lru,512,4000,3041,959,0.76025,0.23975,1023,8,shared_global,2031,8,0.2
shared_global,lru,512,4000,3489,511,0.87225,0.12775,575,8,shared_global,2031,8,0.35
shared_global,lru,512,8000,4869,3131,0.608625,0.391375,3285,16,shared_global,2031,16,0.05
shared_global,lru,512,8000,5980,2020,0.7475,0.2525,2084,16,shared_global,2031,16,0.2
shared_global,lru,512,8000,6941,1059,0.867625,0.132375,1123,16,shared_global,2031,16,0.35
local_isolated,fifo,128,2000,1236,764,0.618,0.382,1074,4,local,2032,4,0.05
local_isolated,fifo,128,2000,1371,629,0.6855,0.3145,939,4,local,2032,4,0.2
local_isolated,fifo,128,2000,1581,419,0.7905,0.2095,675,4,local,2032,4,0.35
local_isolated,fifo,64,4000,2224,1776,0.556,0.444,2532,8,local,2032,8,0.05
local_isolated,fifo,64,4000,2493,1507,0.62325,0.37675,2529,8,local,2032,8,0.2
local_isolated,fifo,64,4000,2999,1001,0.74975,0.25025,1905,8,local,2032,8,0.35
local_isolated,fifo,32,8000,4038,3962,0.50475,0.49525,5620,16,local,2032,16,0.05
local_isolated,fifo,32,8000,4385,3615,0.548125,0.451875,6521,16,local,2032,16,0.2
local_isolated,fifo,32,8000,5199,2801,0.649875,0.350125,6093,16,local,2032,16,0.35
shared_global,fifo,512,2000,1341,659,0.6705,0.3295,759,4,shared_global,2032,4,0.05
shared_global,fifo,512,2000,1494,506,0.747,0.253,570,4,shared_global,2032,4,0.2
shared_global,fifo,512,2000,1677,323,0.8385,0.1615,387,4,shared_global,2032,4,0.35
shared_global,fifo,512,4000,2528,1472,0.632,0.368,1636,8,shared_global,2032,8,0.05
shared_global,fifo,512,4000,2969,1031,0.74225,0.25775,1159,8,shared_global,2032,8,0.2
shared_global,fifo,512,4000,3395,605,0.84875,0.15125,733,8,shared_global,2032,8,0.35
shared_global,fifo,512,8000,4732,3268,0.5915,0.4085,3582,16,shared_global,2032,16,0.05
shared_global,fifo,512,8000,5738,2262,0.71725,0.28275,2560,16,shared_global,2032,16,0.2
shared_global,fifo,512,8000,6795,1205,0.849375,0.150625,1397,16,shared_global,2032,16,0.35
local_isolated,lru,128,2000,1242,758,0.621,0.379,1046,4,local,2032,4,0.05
local_isolated,lru,128,2000,1387,613,0.6935,0.3065,887,4,local,2032,4,0.2
local_isolated,lru,128,2000,1581,419,0.7905,0.2095,675,4,local,2032,4,0.35
local_isolated,lru,64,4000,2245,1755,0.56125,0.43875,2485,8,local,2032,8,0.05
local_isolated,lru,64,4000,2550,1450,0.6375,0.3625,2342,8,local,2032,8,0.2
local_isolated,lru,64,4000,3134,866,0.7835,0.2165,1486,8,local,2032,8,0.35
local_isolated,lru,32,8000,4074,3926,0.50925,0.49075,5566,16,local,2032,16,0.05
local_isolated,lru,32,8000,4487,3513,0.560875,0.439125,6231,16,local,2032,16,0.2
local_isolated,lru,32,8000,5400,2600,0.675,0.325,5472,16,local,2032,16,0.35
shared_global,lru,512,2000,1355,645,0.6775,0.3225,715,4,shared_global,2032,4,0.05
shared_global,lru,512,2000,1494,506,0.747,0.253,570,4,shared_global,2032,4,0.2
shared_global,lru,512,2000,1677,323,0.8385,0.1615,387,4,shared_global,2032,4,0.35
shared_global,lru,512,4000,2573,1427,0.64325,0.35675,1525,8,shared_global,2032,8,0.05
shared_global,lru,512,4000,3002,998,0.7505,0.2495,1062,8,shared_global,2032,8,0.2
shared_global,lru,512,4000,3426,574,0.8565,0.1435,638,8,shared_global,2032,8,0.35
shared_global,lru,512,8000,4814,3186,0.60175,0.39825,3366,16,shared_global,2032,16,0.05
shared_global,lru,512,8000,5868,2132,0.7335,0.2665,2196,16,shared_global,2032,16,0.2
shared_global,lru,512,8000,6865,1135,0.858125,0.141875,1199,16,shared_global,2032,16,0.35
local_isolated,fifo,128,2000,1196,804,0.598,0.402,1134,4,local,2033,4,0.05
local_isolated,fifo,128,2000,1359,641,0.6795,0.3205,977,4,local,2033,4,0.2
local_isolated,fifo,128,2000,1596,404,0.798,0.202,660,4,local,2033,4,0.35
local_isolated,fifo,64,4000,2181,1819,0.54525,0.45475,2585,8,local,2033,8,0.05
local_isolated,fifo,64,4000,2434,1566,0.6085,0.3915,2648,8,local,2033,8,0.2
local_isolated,fifo,64,4000,2948,1052,0.737,0.263,2018,8,local,2033,8,0.35
local_isolated,fifo,32,8000,3974,4026,0.49675,0.50325,5688,16,local,2033,16,0.05
local_isolated,fifo,32,8000,4331,3669,0.541375,0.458625,6637,16,local,2033,16,0.2
local_isolated,fifo,32,8000,5145,2855,0.643125,0.356875,6273,16,local,2033,16,0.35
shared_global,fifo,512,2000,1311,689,0.6555,0.3445,797,4,shared_global,2033,4,0.05
shared_global,fifo,512,2000,1496,504,0.748,0.252,568,4,shared_global,2033,4,0.2
shared_global,fifo,512,2000,1692,308,0.846,0.154,372,4,shared_global,2033,4,0.35
shared_global,fifo,512,4000,2486,1514,0.6215,0.3785,1688,8,shared_global,2033,8,0.05
shared_global,fifo,512,4000,2938,1062,0.7345,0.2655,1204,8,shared_global,2033,8,0.2
shared_global,fifo,512,4000,3379,621,0.84475,0.15525,749,8,shared_global,2033,8,0.35
shared_global,fifo,512,8000,4662,3338,0.58275,0.41725,3650,16,shared_global,2033,16,0.05
shared_global,fifo,512,8000,5711,2289,0.713875,0.286125,2591,16,shared_global,2033,16,0.2
shared_global,fifo,512,8000,6782,1218,0.84775,0.15225,1410,16,shared_global,2033,16,0.35
local_isolated,lru,128,2000,1190,810,0.595,0.405,1126,4,local,2033,4,0.05
local_isolated,lru,128,2000,1390,610,0.695,0.305,884,4,local,2033,4,0.2
local_isolated,lru,128,2000,1596,404,0.798,0.202,660,4,local,2033,4,0.35
local_isolated,lru,64,4000,2195,1805,0.54875,0.45125,2557,8,local,2033,8,0.05
local_isolated,lru,64,4000,2511,1489,0.62775,0.37225,2419,8,local,2033,8,0.2
local_isolated,lru,64,4000,3101,899,0.77525,0.22475,1541,8,local,2033,8,0.35
local_isolated,lru,32,8000,4009,3991,0.501125,0.498875,5633,16,local,2033,16,0.05
local_isolated,lru,32,8000,4404,3596,0.5505,0.4495,6418,16,local,2033,16,0.2
local_isolated,lru,32,8000,5343,2657,0.667875,0.332125,5673,16,local,2033,16,0.35
shared_global,lru,512,2000,1326,674,0.663,0.337,746,4,shared_global,2033,4,0.05
shared_global,lru,512,2000,1496,504,0.748,0.252,568,4,shared_global,2033,4,0.2
shared_global,lru,512,2000,1692,308,0.846,0.154,372,4,shared_global,2033,4,0.35
shared_global,lru,512,4000,2521,1479,0.63025,0.36975,1595,8,shared_global,2033,8,0.05
shared_global,lru,512,4000,2977,1023,0.74425,0.25575,1087,8,shared_global,2033,8,0.2
shared_global,lru,512,4000,3411,589,0.85275,0.14725,653,8,shared_global,2033,8,0.35
shared_global,lru,512,8000,4750,3250,0.59375,0.40625,3428,16,shared_global,2033,16,0.05
shared_global,lru,512,8000,5832,2168,0.729,0.271,2232,16,shared_global,2033,16,0.2
shared_global,lru,512,8000,6846,1154,0.85575,0.14425,1218,16,shared_global,2033,16,0.35
local_isolated,fifo,128,2000,1182,818,0.591,0.409,1130,4,local,2034,4,0.05
local_isolated,fifo,128,2000,1325,675,0.6625,0.3375,1023,4,local,2034,4,0.2
local_isolated,fifo,128,2000,1594,406,0.797,0.203,662,4,local,2034,4,0.35
local_isolated,fifo,64,4000,2153,1847,0.53825,0.46175,2627,8,local,2034,8,0.05
local_isolated,fifo,64,4000,2479,1521,0.61975,0.38025,2529,8,local,2034,8,0.2
local_isolated,fifo,64,4000,3041,959,0.76025,0.23975,1865,8,local,2034,8,0.35
local_isolated,fifo,32,8000,4035,3965,0.504375,0.495625,5637,16,local,2034,16,0.05
local_isolated,fifo,32,8000,4381,3619,0.547625,0.452375,6511,16,local,2034,16,0.2
local_isolated,fifo,32,8000,5207,2793,0.650875,0.349125,6163,16,local,2034,16,0.35
shared_global,fifo,512,2000,1295,705,0.6475,0.3525,795,4,shared_global,2034,4,0.05
shared_global,fifo,512,2000,1464,536,0.732,0.268,610,4,shared_global,2034,4,0.2
shared_global,fifo,512,2000,1690,310,0.845,0.155,374,4,shared_global,2034,4,0.35
shared_global,fifo,512,4000,2475,1525,0.61875,0.38125,1691,8,shared_global,2034,8,0.05
shared_global,fifo,512,4000,2950,1050,0.7375,0.2625,1180,8,shared_global,2034,8,0.2
shared_global,fifo,512,4000,3443,557,0.86075,0.13925,671,8,shared_global,2034,8,0.35
shared_global,fifo,512,8000,4725,3275,0.590625,0.409375,3585,16,shared_global,2034,16,0.05
shared_global,fifo,512,8000,5723,2277,0.715375,0.284625,2589,16,shared_global,2034,16,0.2
shared_global,fifo,512,8000,6836,1164,0.8545,0.1455,1356,16,shared_global,2034,16,0.35
local_isolated,lru,128,2000,1173,827,0.5865,0.4135,1135,4,local,2034,4,0.05
local_isolated,lru,128,2000,1357,643,0.6785,0.3215,921,4,local,2034,4,0.2
local_isolated,lru,128,2000,1594,406,0.797,0.203,662,4,local,2034,4,0.35
local_isolated,lru,64,4000,2158,1842,0.5395,0.4605,2616,8,local,2034,8,0.05
local_isolated,lru,64,4000,2537,1463,0.63425,0.36575,2343,8,local,2034,8,0.2
local_isolated,lru,64,4000,3190,810,0.7975,0.2025,1404,8,local,2034,8,0.35
local_isolated,lru,32,8000,4060,3940,0.5075,0.4925,5594,16,local,2034,16,0.05
local_isolated,lru,32,8000,4462,3538,0.55775,0.44225,6278,16,local,2034,16,0.2
local_isolated,lru,32,8000,5434,2566,0.67925,0.32075,5474,16,local,2034,16,0.35
shared_global,lru,512,2000,1302,698,0.651,0.349,766,4,shared_global,2034,4,0.05
shared_global,lru,512,2000,1469,531,0.7345,0.2655,595,4,shared_global,2034,4,0.2
shared_global,lru,512,2000,1690,310,0.845,0.155,374,4,shared_global,2034,4,0.35
shared_global,lru,512,4000,2512,1488,0.628,0.372,1580,8,shared_global,2034,8,0.05
shared_global,lru,512,4000,2984,1016,0.746,0.254,1080,8,shared_global,2034,8,0.2
shared_global,lru,512,4000,3468,532,0.867,0.133,596,8,shared_global,2034,8,0.35
shared_global,lru,512,8000,4818,3182,0.60225,0.39775,3350,16,shared_global,2034,16,0.05
shared_global,lru,512,8000,5861,2139,0.732625,0.267375,2203,16,shared_global,2034,16,0.2
shared_global,lru,512,8000,6899,1101,0.862375,0.137625,1165,16,shared_global,2034,16,0.35
local_isolated,fifo,128,2000,1204,796,0.602,0.398,1116,4,local,2035,4,0.05
local_isolated,fifo,128,2000,1399,601,0.6995,0.3005,907,4,local,2035,4,0.2
local_isolated,fifo,128,2000,1641,359,0.8205,0.1795,615,4,local,2035,4,0.35
local_isolated,fifo,64,4000,2189,1811,0.54725,0.45275,2527,8,local,2035,8,0.05
local_isolated,fifo,64,4000,2465,1535,0.61625,0.38375,2595,8,local,2035,8,0.2
local_isolated,fifo,64,4000,3065,935,0.76625,0.23375,1839,8,local,2035,8,0.35
local_isolated,fifo,32,8000,4018,3982,0.50225,0.49775,5642,16,local,2035,16,0.05
local_isolated,fifo,32,8000,4374,3626,0.54675,0.45325,6586,16,local,2035,16,0.2
local_isolated,fifo,32,8000,5299,2701,0.662375,0.337625,6013,16,local,2035,16,0.35
shared_global,fifo,512,2000,1319,681,0.6595,0.3405,779,4,shared_global,2035,4,0.05
shared_global,fifo,512,2000,1520,480,0.76,0.24,544,4,shared_global,2035,4,0.2
shared_global,fifo,512,2000,1737,263,0.8685,0.1315,327,4,shared_global,2035,4,0.35
shared_global,fifo,512,4000,2476,1524,0.619,0.381,1680,8,shared_global,2035,8,0.05
shared_global,fifo,512,4000,2964,1036,0.741,0.259,1166,8,shared_global,2035,8,0.2
shared_global,fifo,512,4000,3490,510,0.8725,0.1275,574,8,shared_global,2035,8,0.35
shared_global,fifo,512,8000,4691,3309,0.586375,0.413625,3627,16,shared_global,2035,16,0.05
shared_global,fifo,512,8000,5751,2249,0.718875,0.281125,2557,16,shared_global,2035,16,0.2
shared_global,fifo,512,8000,6883,1117,0.860375,0.139625,1309,16,shared_global,2035,16,0.35
local_isolated,lru,128,2000,1212,788,0.606,0.394,1094,4,local,2035,4,0.05
local_isolated,lru,128,2000,1417,583,0.7085,0.2915,843,4,local,2035,4,0.2
local_isolated,lru,128,2000,1641,359,0.8205,0.1795,615,4,local,2035,4,0.35
local_isolated,lru,64,4000,2186,1814,0.5465,0.4535,2526,8,local,2035,8,0.05
local_isolated,lru,64,4000,2532,1468,0.633,0.367,2378,8,local,2035,8,0.2
local_isolated,lru,64,4000,3224,776,0.806,0.194,1358,8,local,2035,8,0.35
local_isolated,lru,32,8000,4058,3942,0.50725,0.49275,5576,16,local,2035,16,0.05
local_isolated,lru,32,8000,4471,3529,0.558875,0.441125,6295,16,local,2035,16,0.2
local_isolated,lru,32,8000,5537,2463,0.692125,0.307875,5297,16,local,2035,16,0.35
shared_global,lru,512,2000,1332,668,0.666,0.334,740,4,shared_global,2035,4,0.05
shared_global,lru,512,2000,1520,480,0.76,0.24,544,4,shared_global,2035,4,0.2
shared_global,lru,512,2000,1737,263,0.8685,0.1315,327,4,shared_global,2035,4,0.35
shared_global,lru,512,4000,2494,1506,0.6235,0.3765,1616,8,shared_global,2035,8,0.05
shared_global,lru,512,4000,2999,1001,0.74975,0.25025,1065,8,shared_global,2035,8,0.2
shared_global,lru,512,4000,3490,510,0.8725,0.1275,574,8,shared_global,2035,8,0.35
shared_global,lru,512,8000,4802,3198,0.60025,0.39975,3364,16,shared_global,2035,16,0.05
shared_global,lru,512,8000,5875,2125,0.734375,0.265625,2189,16,shared_global,2035,16,0.2
shared_global,lru,512,8000,6951,1049,0.868875,0.131125,1113,16,shared_global,2035,16,0.35
local_isolated,fifo,128,2000,1244,756,0.622,0.378,1062,4,local,2036,4,0.05
local_isolated,fifo,128,2000,1418,582,0.709,0.291,870,4,local,2036,4,0.2
local_isolated,fifo,128,2000,1627,373,0.8135,0.1865,629,4,local,2036,4,0.35
local_isolated,fifo,64,4000,2215,1785,0.55375,0.44625,2525,8,local,2036,8,0.05
local_isolated,fifo,64,4000,2529,1471,0.63225,0.36775,2515,8,local,2036,8,0.2
local_isolated,fifo,64,4000,3048,952,0.762,0.238,1882,8,local,2036,8,0.35
local_isolated,fifo,32,8000,4093,3907,0.511625,0.488375,5523,16,local,2036,16,0.05
local_isolated,fifo,32,8000,4386,3614,0.54825,0.45175,6628,16,local,2036,16,0.2
local_isolated,fifo,32,8000,5286,2714,0.66075,0.33925,6052,16,local,2036,16,0.35
shared_global,fifo,512,2000,1354,646,0.677,0.323,740,4,shared_global,2036,4,0.05
shared_global,fifo,512,2000,1530,470,0.765,0.235,534,4,shared_global,2036,4,0.2
shared_global,fifo,512,2000,1723,277,0.8615,0.1385,341,4,shared_global,2036,4,0.35
shared_global,fifo,512,4000,2523,1477,0.63075,0.36925,1639,8,shared_global,2036,8,0.05
shared_global,fifo,512,4000,3006,994,0.7515,0.2485,1122,8,shared_global,2036,8,0.2
shared_global,fifo,512,4000,3488,512,0.872,0.128,576,8,shared_global,2036,8,0.35
shared_global,fifo,512,8000,4755,3245,0.594375,0.405625,3547,16,shared_global,2036,16,0.05
shared_global,fifo,512,8000,5809,2191,0.726125,0.273875,2481,16,shared_global,2036,16,0.2
shared_global,fifo,512,8000,6898,1102,0.86225,0.13775,1290,16,shared_global,2036,16,0.35
local_isolated,lru,128,2000,1246,754,0.623,0.377,1050,4,local,2036,4,0.05
local_isolated,lru,128,2000,1428,572,0.714,0.286,840,4,local,2036,4,0.2
local_isolated,lru,128,2000,1627,373,0.8135,0.1865,629,4,local,2036,4,0.35
local_isolated,lru,64,4000,2233,1767,0.55825,0.44175,2499,8,local,2036,8,0.05
local_isolated,lru,64,4000,2592,1408,0.648,0.352,2306,8,local,2036,8,0.2
local_isolated,lru,64,4000,3212,788,0.803,0.197,1378,8,local,2036,8,0.35
local_isolated,lru,32,8000,4135,3865,0.516875,0.483125,5455,16,local,2036,16,0.05
local_isolated,lru,32,8000,4498,3502,0.56225,0.43775,6318,16,local,2036,16,0.2
local_isolated,lru,32,8000,5499,2501,0.687375,0.312625,5411,16,local,2036,16,0.35
shared_global,lru,512,2000,1361,639,0.6805,0.3195,709,4,shared_global,2036,4,0.05
shared_global,lru,512,2000,1530,470,0.765,0.235,534,4,shared_global,2036,4,0.2
shared_global,lru,512,2000,1723,277,0.8615,0.1385,341,4,shared_global,2036,4,0.35
shared_global,lru,512,4000,2563,1437,0.64075,0.35925,1535,8,shared_global,2036,8,0.05
shared_global,lru,512,4000,3044,956,0.761,0.239,1020,8,shared_global,2036,8,0.2
shared_global,lru,512,4000,3488,512,0.872,0.128,576,8,shared_global,2036,8,0.35
shared_global,lru,512,8000,4863,3137,0.607875,0.392125,3303,16,shared_global,2036,16,0.05
shared_global,lru,512,8000,5936,2064,0.742,0.258,2128,16,shared_global,2036,16,0.2
shared_global,lru,512,8000,6960,1040,0.87,0.13,1104,16,shared_global,2036,16,0.35
local_isolated,fifo,128,2000,1199,801,0.5995,0.4005,1111,4,local,2037,4,0.05
local_isolated,fifo,128,2000,1355,645,0.6775,0.3225,975,4,local,2037,4,0.2
local_isolated,fifo,128,2000,1608,392,0.804,0.196,648,4,local,2037,4,0.35
local_isolated,fifo,64,4000,2216,1784,0.554,0.446,2510,8,local,2037,8,0.05
local_isolated,fifo,64,4000,2492,1508,0.623,0.377,2536,8,local,2037,8,0.2
local_isolated,fifo,64,4000,3015,985,0.75375,0.24625,1903,8,local,2037,8,0.35
local_isolated,fifo,32,8000,4106,3894,0.51325,0.48675,5498,16,local,2037,16,0.05
local_isolated,fifo,32,8000,4407,3593,0.550875,0.449125,6517,16,local,2037,16,0.2
local_isolated,fifo,32,8000,5243,2757,0.655375,0.344625,6033,16,local,2037,16,0.35
shared_global,fifo,512,2000,1312,688,0.656,0.344,778,4,shared_global,2037,4,0.05
shared_global,fifo,512,2000,1489,511,0.7445,0.2555,575,4,shared_global,2037,4,0.2
shared_global,fifo,512,2000,1704,296,0.852,0.148,360,4,shared_global,2037,4,0.35
shared_global,fifo,512,4000,2512,1488,0.628,0.372,1636,8,shared_global,2037,8,0.05
shared_global,fifo,512,4000,2970,1030,0.7425,0.2575,1158,8,shared_global,2037,8,0.2
shared_global,fifo,512,4000,3415,585,0.85375,0.14625,713,8,shared_global,2037,8,0.35
shared_global,fifo,512,8000,4773,3227,0.596625,0.403375,3525,16,shared_global,2037,16,0.05
shared_global,fifo,512,8000,5768,2232,0.721,0.279,2530,16,shared_global,2037,16,0.2
shared_global,fifo,512,8000,6822,1178,0.85275,0.14725,1370,16,shared_global,2037,16,0.35
local_isolated,lru,128,2000,1198,802,0.599,0.401,1100,4,local,2037,4,0.05
local_isolated,lru,128,2000,1384,616,0.692,0.308,880,4,local,2037,4,0.2
local_isolated,lru,128,2000,1608,392,0.804,0.196,648,4,local,2037,4,0.35
local_isolated,lru,64,4000,2238,1762,0.5595,0.4405,2476,8,local,2037,8,0.05
local_isolated,lru,64,4000,2558,1442,0.6395,0.3605,2326,8,local,2037,8,0.2
local_isolated,lru,64,4000,3165,835,0.79125,0.20875,1441,8,local,2037,8,0.35
local_isolated,lru,32,8000,4131,3869,0.516375,0.483625,5465,16,local,2037,16,0.05
local_isolated,lru,32,8000,4503,3497,0.562875,0.437125,6241,16,local,2037,16,0.2
local_isolated,lru,32,8000,5464,2536,0.683,0.317,5354,16,local,2037,16,0.35
shared_global,lru,512,2000,1314,686,0.657,0.343,762,4,shared_global,2037,4,0.05
shared_global,lru,512,2000,1489,511,0.7445,0.2555,575,4,shared_global,2037,4,0.2
shared_global,lru,512,2000,1704,296,0.852,0.148,360,4,shared_global,2037,4,0.35
shared_global,lru,512,4000,2544,1456,0.636,0.364,1556,8,shared_global,2037,8,0.05
shared_global,lru,512,4000,2999,1001,0.74975,0.25025,1065,8,shared_global,2037,8,0.2
shared_global,lru,512,4000,3447,553,0.86175,0.13825,617,8,shared_global,2037,8,0.35
shared_global,lru,512,8000,4847,3153,0.605875,0.394125,3337,16,shared_global,2037,16,0.05
shared_global,lru,512,8000,5897,2103,0.737125,0.262875,2167,16,shared_global,2037,16,0.2
shared_global,lru,512,8000,6887,1113,0.860875,0.139125,1177,16,shared_global,2037,16,0.35
local_isolated,fifo,128,2000,1208,792,0.604,0.396,1086,4,local,2038,4,0.05
local_isolated,fifo,128,2000,1373,627,0.6865,0.3135,955,4,local,2038,4,0.2
local_isolated,fifo,128,2000,1601,399,0.8005,0.1995,655,4,local,2038,4,0.35
local_isolated,fifo,64,4000,2216,1784,0.554,0.446,2512,8,local,2038,8,0.05
local_isolated,fifo,64,4000,2494,1506,0.6235,0.3765,2552,8,local,2038,8,0.2
local_isolated,fifo,64,4000,2987,1013,0.74675,0.25325,1963,8,local,2038,8,0.35
local_isolated,fifo,32,8000,4113,3887,0.514125,0.485875,5529,16,local,2038,16,0.05
local_isolated,fifo,32,8000,4400,3600,0.55,0.45,6542,16,local,2038,16,0.2
local_isolated,fifo,32,8000,5204,2796,0.6505,0.3495,6168,16,local,2038,16,0.35
shared_global,fifo,512,2000,1315,685,0.6575,0.3425,775,4,shared_global,2038,4,0.05
shared_global,fifo,512,2000,1505,495,0.7525,0.2475,559,4,shared_global,2038,4,0.2
shared_global,fifo,512,2000,1697,303,0.8485,0.1515,367,4,shared_global,2038,4,0.35
shared_global,fifo,512,4000,2516,1484,0.629,0.371,1646,8,shared_global,2038,8,0.05
shared_global,fifo,512,4000,2982,1018,0.7455,0.2545,1146,8,shared_global,2038,8,0.2
shared_global,fifo,512,4000,3410,590,0.8525,0.1475,716,8,shared_global,2038,8,0.35
shared_global,fifo,512,8000,4778,3222,0.59725,0.40275,3552,16,shared_global,2038,16,0.05
shared_global,fifo,512,8000,5778,2222,0.72225,0.27775,2514,16,shared_global,2038,16,0.2
shared_global,fifo,512,8000,6836,1164,0.8545,0.1455,1356,16,shared_global,2038,16,0.35
local_isolated,lru,128,2000,1204,796,0.602,0.398,1088,4,local,2038,4,0.05
local_isolated,lru,128,2000,1399,601,0.6995,0.3005,869,4,local,2038,4,0.2
local_isolated,lru,128,2000,1601,399,0.8005,0.1995,655,4,local,2038,4,0.35
local_isolated,lru,64,4000,2232,1768,0.558,0.442,2484,8,local,2038,8,0.05
local_isolated,lru,64,4000,2559,1441,0.63975,0.36025,2329,8,local,2038,8,0.2
local_isolated,lru,64,4000,3140,860,0.785,0.215,1490,8,local,2038,8,0.35
local_isolated,lru,32,8000,4154,3846,0.51925,0.48075,5458,16,local,2038,16,0.05
local_isolated,lru,32,8000,4497,3503,0.562125,0.437875,6271,16,local,2038,16,0.2
local_isolated,lru,32,8000,5424,2576,0.678,0.322,5508,16,local,2038,16,0.35
shared_global,lru,512,2000,1317,683,0.6585,0.3415,753,4,shared_global,2038,4,0.05
shared_global,lru,512,2000,1505,495,0.7525,0.2475,559,4,shared_global,2038,4,0.2
shared_global,lru,512,2000,1697,303,0.8485,0.1515,367,4,shared_global,2038,4,0.35
shared_global,lru,512,4000,2555,1445,0.63875,0.36125,1537,8,shared_global,2038,8,0.05
shared_global,lru,512,4000,3011,989,0.75275,0.24725,1053,8,shared_global,2038,8,0.2
shared_global,lru,512,4000,3441,559,0.86025,0.13975,623,8,shared_global,2038,8,0.35
shared_global,lru,512,8000,4891,3109,0.611375,0.388625,3273,16,shared_global,2038,16,0.05
shared_global,lru,512,8000,5898,2102,0.73725,0.26275,2166,16,shared_global,2038,16,0.2
shared_global,lru,512,8000,6900,1100,0.8625,0.1375,1164,16,shared_global,2038,16,0.35
local_isolated,fifo,128,2000,1203,797,0.6015,0.3985,1109,4,local,2039,4,0.05
local_isolated,fifo,128,2000,1369,631,0.6845,0.3155,947,4,local,2039,4,0.2
local_isolated,fifo,128,2000,1601,399,0.8005,0.1995,655,4,local,2039,4,0.35
local_isolated,fifo,64,4000,2192,1808,0.548,0.452,2560,8,local,2039,8,0.05
local_isolated,fifo,64,4000,2471,1529,0.61775,0.38225,2579,8,local,2039,8,0.2
local_isolated,fifo,64,4000,3016,984,0.754,0.246,1896,8,local,2039,8,0.35
local_isolated,fifo,32,8000,4106,3894,0.51325,0.48675,5528,16,local,2039,16,0.05
local_isolated,fifo,32,8000,4453,3547,0.556625,0.443375,6455,16,local,2039,16,0.2
local_isolated,fifo,32,8000,5269,2731,0.658625,0.341375,6013,16,local,2039,16,0.35
shared_global,fifo,512,2000,1313,687,0.6565,0.3435,785,4,shared_global,2039,4,0.05
shared_global,fifo,512,2000,1495,505,0.7475,0.2525,569,4,shared_global,2039,4,0.2
shared_global,fifo,512,2000,1697,303,0.8485,0.1515,367,4,shared_global,2039,4,0.35
shared_global,fifo,512,4000,2486,1514,0.6215,0.3785,1682,8,shared_global,2039,8,0.05
shared_global,fifo,512,4000,2953,1047,0.73825,0.26175,1183,8,shared_global,2039,8,0.2
shared_global,fifo,512,4000,3415,585,0.85375,0.14625,709,8,shared_global,2039,8,0.35
shared_global,fifo,512,8000,4790,3210,0.59875,0.40125,3518,16,shared_global,2039,16,0.05
shared_global,fifo,512,8000,5787,2213,0.723375,0.276625,2513,16,shared_global,2039,16,0.2
shared_global,fifo,512,8000,6843,1157,0.855375,0.144625,1349,16,shared_global,2039,16,0.35
local_isolated,lru,128,2000,1202,798,0.601,0.399,1098,4,local,2039,4,0.05
local_isolated,lru,128,2000,1389,611,0.6945,0.3055,887,4,local,2039,4,0.2
local_isolated,lru,128,2000,1601,399,0.8005,0.1995,655,4,local,2039,4,0.35
local_isolated,lru,64,4000,2192,1808,0.548,0.452,2552,8,local,2039,8,0.05
local_isolated,lru,64,4000,2535,1465,0.63375,0.36625,2369,8,local,2039,8,0.2
local_isolated,lru,64,4000,3150,850,0.7875,0.2125,1474,8,local,2039,8,0.35
local_isolated,lru,32,8000,4137,3863,0.517125,0.482875,5481,16,local,2039,16,0.05
local_isolated,lru,32,8000,4558,3442,0.56975,0.43025,6132,16,local,2039,16,0.2
local_isolated,lru,32,8000,5499,2501,0.687375,0.312625,5317,16,local,2039,16,0.35
shared_global,lru,512,2000,1322,678,0.661,0.339,750,4,shared_global,2039,4,0.05
shared_global,lru,512,2000,1495,505,0.7475,0.2525,569,4,shared_global,2039,4,0.2
shared_global,lru,512,2000,1697,303,0.8485,0.1515,367,4,shared_global,2039,4,0.35
shared_global,lru,512,4000,2536,1464,0.634,0.366,1556,8,shared_global,2039,8,0.05
shared_global,lru,512,4000,2991,1009,0.74775,0.25225,1073,8,shared_global,2039,8,0.2
shared_global,lru,512,4000,3444,556,0.861,0.139,620,8,shared_global,2039,8,0.35
shared_global,lru,512,8000,4871,3129,0.608875,0.391125,3307,16,shared_global,2039,16,0.05
shared_global,lru,512,8000,5915,2085,0.739375,0.260625,2149,16,shared_global,2039,16,0.2
shared_global,lru,512,8000,6907,1093,0.863375,0.136625,1157,16,shared_global,2039,16,0.35
local_isolated,fifo,128,2000,1201,799,0.6005,0.3995,1125,4,local,2040,4,0.05
local_isolated,fifo,128,2000,1387,613,0.6935,0.3065,925,4,local,2040,4,0.2
local_isolated,fifo,128,2000,1612,388,0.806,0.194,644,4,local,2040,4,0.35
local_isolated,fifo,64,4000,2194,1806,0.5485,0.4515,2566,8,local,2040,8,0.05
local_isolated,fifo,64,4000,2486,1514,0.6215,0.3785,2578,8,local,2040,8,0.2
local_isolated,fifo,64,4000,3033,967,0.75825,0.24175,1897,8,local,2040,8,0.35
local_isolated,fifo,32,8000,4118,3882,0.51475,0.48525,5512,16,local,2040,16,0.05
local_isolated,fifo,32,8000,4468,3532,0.5585,0.4415,6444,16,local,2040,16,0.2
local_isolated,fifo,32,8000,5274,2726,0.65925,0.34075,6040,16,local,2040,16,0.35
shared_global,fifo,512,2000,1311,689,0.6555,0.3445,793,4,shared_global,2040,4,0.05
shared_global,fifo,512,2000,1511,489,0.7555,0.2445,553,4,shared_global,2040,4,0.2
shared_global,fifo,512,2000,1708,292,0.854,0.146,356,4,shared_global,2040,4,0.35
shared_global,fifo,512,4000,2506,1494,0.6265,0.3735,1656,8,shared_global,2040,8,0.05
shared_global,fifo,512,4000,2978,1022,0.7445,0.2555,1150,8,shared_global,2040,8,0.2
shared_global,fifo,512,4000,3451,549,0.86275,0.13725,653,8,shared_global,2040,8,0.35
shared_global,fifo,512,8000,4787,3213,0.598375,0.401625,3521,16,shared_global,2040,16,0.05
shared_global,fifo,512,8000,5824,2176,0.728,0.272,2458,16,shared_global,2040,16,0.2
shared_global,fifo,512,8000,6861,1139,0.857625,0.142375,1331,16,shared_global,2040,16,0.35
local_isolated,lru,128,2000,1209,791,0.6045,0.3955,1091,4,local,2040,4,0.05
local_isolated,lru,128,2000,1406,594,0.703,0.297,866,4,local,2040,4,0.2
local_isolated,lru,128,2000,1612,388,0.806,0.194,644,4,local,2040,4,0.35
local_isolated,lru,64,4000,2203,1797,0.55075,0.44925,2539,8,local,2040,8,0.05
local_isolated,lru,64,4000,2548,1452,0.637,0.363,2380,8,local,2040,8,0.2
local_isolated,lru,64,4000,3191,809,0.79775,0.20225,1415,8,local,2040,8,0.35
local_isolated,lru,32,8000,4143,3857,0.517875,0.482125,5459,16,local,2040,16,0.05
local_isolated,lru,32,8000,4547,3453,0.568375,0.431625,6217,16,local,2040,16,0.2
local_isolated,lru,32,8000,5467,2533,0.683375,0.316625,5457,16,local,2040,16,0.35
shared_global,lru,512,2000,1329,671,0.6645,0.3355,741,4,shared_global,2040,4,0.05
shared_global,lru,512,2000,1511,489,0.7555,0.2445,553,4,shared_global,2040,4,0.2
shared_global,lru,512,2000,1708,292,0.854,0.146,356,4,shared_global,2040,4,0.35
shared_global,lru,512,4000,2540,1460,0.635,0.365,1566,8,shared_global,2040,8,0.05
shared_global,lru,512,4000,3011,989,0.75275,0.24725,1053,8,shared_global,2040,8,0.2
shared_global,lru,512,4000,3471,529,0.86775,0.13225,593,8,shared_global,2040,8,0.35
shared_global,lru,512,8000,4870,3130,0.60875,0.39125,3306,16,shared_global,2040,16,0.05
shared_global,lru,512,8000,5938,2062,0.74225,0.25775,2126,16,shared_global,2040,16,0.2
shared_global,lru,512,8000,6928,1072,0.866,0.134,1136,16,shared_global,2040,16,0.35
